{
    "name": "dnd-shared",
    "title": "DND5e Shared",
    "author": "Robotix703",
    "description": "DND Shared Compendium",
    "packs": [
        {
            "name": "pj",
            "label": "PJ",
            "type": "Actor",
            "system": "DnD5e",
            "path": "packs/pj.db",
            "entity": "Actor",
            "module": "dnd-shared"
        },
        {
            "name": "monstres",
            "label": "Monstres",
            "type": "Actor",
            "system": "DnD5e",
            "path": "packs/monstres.db",
            "entity": "Actor",
            "module": "dnd-shared"
        },
        {
            "name": "pnj",
            "label": "PNJ",
            "type": "Actor",
            "system": "DnD5e",
            "path": "packs/pnj.db",
            "entity": "Actor",
            "module": "dnd-shared"
        },
        {
            "name": "capacitemonstres",
            "label": "Capacité des Monstres",
            "type": "Item",
            "system": "DnD5e",
            "path": "packs/capacitemonstres.db",
            "entity": "Item",
            "module": "dnd-shared"
        },
        {
            "name": "objets",
            "label": "Objets",
            "type": "Item",
            "system": "DnD5e",
            "path": "packs/objets.db",
            "entity": "Item",
            "module": "dnd-shared"
        },
        {
            "name": "sorts",
            "label": "Sorts",
            "type": "Item",
            "system": "DnD5e",
            "path": "packs/sorts.db",
            "entity": "Item",
            "module": "dnd-shared"
        },
        {
            "name": "historiques",
            "label": "Historiques",
            "type": "Item",
            "system": "DnD5e",
            "path": "packs/historiques.db",
            "entity": "Item",
            "module": "dnd-shared"
        },
        {
            "name": "classes",
            "label": "Classes",
            "type": "Item",
            "system": "DnD5e",
            "path": "packs/classes.db",
            "entity": "Item",
            "module": "dnd-shared"
        },
        {
            "name": "sousclasses",
            "label": "Sous Classes",
            "type": "Item",
            "system": "DnD5e",
            "path": "packs/sousclasses.db",
            "entity": "Item",
            "module": "dnd-shared"
        },
        {
            "name": "capaciteclasses",
            "label": "Capacité de classes",
            "type": "Item",
            "system": "DnD5e",
            "path": "packs/capaciteclasses.db",
            "entity": "Item",
            "module": "dnd-shared"
        },
        {
            "name": "races",
            "label": "Races",
            "type": "Item",
            "system": "DnD5e",
            "path": "packs/races.db",
            "entity": "Item",
            "module": "dnd-shared"
        },
        {
            "name": "aventures",
            "label": "Aventures",
            "type": "Adventure",
            "system": "DnD5e",
            "path": "packs/aventures.db",
            "entity": "Adventure",
            "module": "dnd-shared"
        },
        {
            "name": "cartes",
            "label": "Cartes",
            "type": "Cards",
            "system": "DnD5e",
            "path": "packs/cartes.db",
            "entity": "Cards",
            "module": "dnd-shared"
        },
        {
            "name": "journeaux",
            "label": "Journeaux",
            "type": "JournalEntry",
            "system": "DnD5e",
            "path": "packs/journeaux.db",
            "entity": "JournalEntry",
            "module": "dnd-shared"
        },
        {
            "name": "macros",
            "label": "Macros",
            "type": "Macro",
            "system": "DnD5e",
            "path": "packs/macros.db",
            "entity": "Macro",
            "module": "dnd-shared"
        },
        {
            "name": "playlist",
            "label": "Playlist",
            "type": "Playlist",
            "system": "DnD5e",
            "path": "packs/playlist.db",
            "entity": "Playlist",
            "module": "dnd-shared"
        },
        {
            "name": "rollTable",
            "label": "RollTable",
            "type": "RollTable",
            "system": "DnD5e",
            "path": "packs/rollTable.db",
            "entity": "RollTable",
            "module": "dnd-shared"
        },
        {
            "name": "scenes",
            "label": "Scenes",
            "type": "Scene",
            "system": "DnD5e",
            "path": "packs/scenes.db",
            "entity": "Scene",
            "module": "dnd-shared"
        }
    ],
    "manifest": "https://github.com/Robotix703/foundryVTTSharedCompendium/raw/main/dndshared/module.json",
    "download": "https://github.com/Robotix703/foundryVTTSharedCompendium/raw/main/dndshared/build/download.zip",
    "id": "dnd-shared",
    "authors": [
        {
            "name": "Robotix703"
        }
    ],
    "minimumCoreVersion": "0.8.0",
    "compatibleCoreVersion": "11",
    "compatibility": {
        "minimum": 9,
        "verified": 11
    },
    "version": "1.1"
}